model,k,evaluated_users,recall,hit_rate,precision,ndcg,coverage
Popularity,20,6037,0.06725195,0.06725195,0.00336260,0.02614861,0.04532578
ItemCF,20,6037,0.08216001,0.08216001,0.00410800,0.03279295,0.13237188
